{"format":2,"version":"6.4.4","globals":"8460d33792f7968590a7902d64d7ea86","files":{"d_259b4f114381445e___init___py":{"hash":"ef89c24951e9a3beab9f0c9b1110f3ec","index":{"nums":[0,1,68,0,24,10,4,6],"html_filename":"d_259b4f114381445e___init___py.html","relative_filename":"C:\\Users\\perre\\Documents\\GitHub\\requests\\requests\\__init__.py"}},"d_259b4f114381445e___version___py":{"hash":"513ca198a3e7e1f7caf441879833bd68","index":{"nums":[0,1,10,0,0,0,0,0],"html_filename":"d_259b4f114381445e___version___py.html","relative_filename":"C:\\Users\\perre\\Documents\\GitHub\\requests\\requests\\__version__.py"}},"d_259b4f114381445e__internal_utils_py":{"hash":"1876a0a15e6dd0da4a6e4d3128951e1c","index":{"nums":[0,1,19,0,0,2,0,0],"html_filename":"d_259b4f114381445e__internal_utils_py.html","relative_filename":"C:\\Users\\perre\\Documents\\GitHub\\requests\\requests\\_internal_utils.py"}},"d_259b4f114381445e_adapters_py":{"hash":"fc257ab6926d83df04ab080a0543c51b","index":{"nums":[0,1,216,0,15,82,8,8],"html_filename":"d_259b4f114381445e_adapters_py.html","relative_filename":"C:\\Users\\perre\\Documents\\GitHub\\requests\\requests\\adapters.py"}},"d_259b4f114381445e_api_py":{"hash":"c672641ce0e7ce786623dc03bfbf5492","index":{"nums":[0,1,19,0,3,0,0,0],"html_filename":"d_259b4f114381445e_api_py.html","relative_filename":"C:\\Users\\perre\\Documents\\GitHub\\requests\\requests\\api.py"}},"d_259b4f114381445e_auth_py":{"hash":"8d00e1328d5bcd00a1b2870589ba208b","index":{"nums":[0,1,173,0,21,68,15,17],"html_filename":"d_259b4f114381445e_auth_py.html","relative_filename":"C:\\Users\\perre\\Documents\\GitHub\\requests\\requests\\auth.py"}},"d_259b4f114381445e_certs_py":{"hash":"3b334908e288aaea3dea5e763a87c48a","index":{"nums":[0,1,4,0,1,2,1,1],"html_filename":"d_259b4f114381445e_certs_py.html","relative_filename":"C:\\Users\\perre\\Documents\\GitHub\\requests\\requests\\certs.py"}},"d_259b4f114381445e_compat_py":{"hash":"e6075a612eec9110a072ac63b55cc2d5","index":{"nums":[0,1,30,0,2,2,1,1],"html_filename":"d_259b4f114381445e_compat_py.html","relative_filename":"C:\\Users\\perre\\Documents\\GitHub\\requests\\requests\\compat.py"}},"d_259b4f114381445e_cookies_py":{"hash":"ab1c5e2bccdf85e6ed0bae82eeff22df","index":{"nums":[0,1,239,0,53,106,9,43],"html_filename":"d_259b4f114381445e_cookies_py.html","relative_filename":"C:\\Users\\perre\\Documents\\GitHub\\requests\\requests\\cookies.py"}},"d_259b4f114381445e_exceptions_py":{"hash":"d3ea5902fd57d17f294ac7fccb83e1e3","index":{"nums":[0,1,37,0,0,52,0,0],"html_filename":"d_259b4f114381445e_exceptions_py.html","relative_filename":"C:\\Users\\perre\\Documents\\GitHub\\requests\\requests\\exceptions.py"}},"d_259b4f114381445e_help_py":{"hash":"1d2de66707e86bdd032f71ab9db4e45b","index":{"nums":[0,1,62,0,19,18,5,13],"html_filename":"d_259b4f114381445e_help_py.html","relative_filename":"C:\\Users\\perre\\Documents\\GitHub\\requests\\requests\\help.py"}},"d_259b4f114381445e_hooks_py":{"hash":"bb40111e05fc59c11851777e3c199912","index":{"nums":[0,1,14,0,0,10,0,0],"html_filename":"d_259b4f114381445e_hooks_py.html","relative_filename":"C:\\Users\\perre\\Documents\\GitHub\\requests\\requests\\hooks.py"}},"d_259b4f114381445e_models_py":{"hash":"74aefe1bc1b43dda36f92997e701c0db","index":{"nums":[0,1,455,0,33,198,18,18],"html_filename":"d_259b4f114381445e_models_py.html","relative_filename":"C:\\Users\\perre\\Documents\\GitHub\\requests\\requests\\models.py"}},"d_259b4f114381445e_packages_py":{"hash":"90af446bfe02fce746507448aa3999a6","index":{"nums":[0,1,17,0,0,10,0,0],"html_filename":"d_259b4f114381445e_packages_py.html","relative_filename":"C:\\Users\\perre\\Documents\\GitHub\\requests\\requests\\packages.py"}},"d_259b4f114381445e_sessions_py":{"hash":"95026cce06d46053bef27315ea63a41e","index":{"nums":[0,1,268,0,12,104,5,5],"html_filename":"d_259b4f114381445e_sessions_py.html","relative_filename":"C:\\Users\\perre\\Documents\\GitHub\\requests\\requests\\sessions.py"}},"d_259b4f114381445e_status_codes_py":{"hash":"0d680cd85cb043d3f2e65b2712283970","index":{"nums":[0,1,14,0,0,10,0,0],"html_filename":"d_259b4f114381445e_status_codes_py.html","relative_filename":"C:\\Users\\perre\\Documents\\GitHub\\requests\\requests\\status_codes.py"}},"d_259b4f114381445e_structures_py":{"hash":"92f3a51ac4a6b6cc6d8998d9f90578f8","index":{"nums":[0,1,39,0,0,12,0,0],"html_filename":"d_259b4f114381445e_structures_py.html","relative_filename":"C:\\Users\\perre\\Documents\\GitHub\\requests\\requests\\structures.py"}},"d_259b4f114381445e_utils_py":{"hash":"7c3bd39f10de0692e97d29f029308859","index":{"nums":[0,1,482,0,68,214,12,32],"html_filename":"d_259b4f114381445e_utils_py.html","relative_filename":"C:\\Users\\perre\\Documents\\GitHub\\requests\\requests\\utils.py"}}}}