{"format":2,"version":"6.4.4","globals":"965c34f0f5df064a7fe1b32c353f0e4f","files":{"d_d5e0dc932343dc0d__jb_pytest_runner_py":{"hash":"4b96676029bc0197461d54b523dd08a0","index":{"nums":[0,1,33,0,3,0,0,0],"html_filename":"d_d5e0dc932343dc0d__jb_pytest_runner_py.html","relative_filename":"C:\\Program Files\\JetBrains\\PyCharm 2022.2.1\\plugins\\python\\helpers\\pycharm\\_jb_pytest_runner.py"}},"d_d5e0dc932343dc0d__jb_runner_tools_py":{"hash":"616f02a5a69f8b917af7bf15d48bee53","index":{"nums":[0,1,173,0,50,0,0,0],"html_filename":"d_d5e0dc932343dc0d__jb_runner_tools_py.html","relative_filename":"C:\\Program Files\\JetBrains\\PyCharm 2022.2.1\\plugins\\python\\helpers\\pycharm\\_jb_runner_tools.py"}},"d_d5e0dc932343dc0d__jb_serial_tree_manager_py":{"hash":"9b00834be385da743fd97ae0c3dc04fd","index":{"nums":[0,1,56,0,7,0,0,0],"html_filename":"d_d5e0dc932343dc0d__jb_serial_tree_manager_py.html","relative_filename":"C:\\Program Files\\JetBrains\\PyCharm 2022.2.1\\plugins\\python\\helpers\\pycharm\\_jb_serial_tree_manager.py"}},"d_d5e0dc932343dc0d__jb_utils_py":{"hash":"39ffb50318b4c8bb818d2036b0137d0d","index":{"nums":[0,1,71,0,34,0,0,0],"html_filename":"d_d5e0dc932343dc0d__jb_utils_py.html","relative_filename":"C:\\Program Files\\JetBrains\\PyCharm 2022.2.1\\plugins\\python\\helpers\\pycharm\\_jb_utils.py"}},"d_58a4863fcd5ebe9f___init___py":{"hash":"269b68ba3afbbf0d5cefcce7be758e01","index":{"nums":[0,1,6,0,0,0,0,0],"html_filename":"d_58a4863fcd5ebe9f___init___py.html","relative_filename":"C:\\Program Files\\JetBrains\\PyCharm 2022.2.1\\plugins\\python\\helpers\\pycharm\\teamcity\\__init__.py"}},"d_58a4863fcd5ebe9f_common_py":{"hash":"1f87503897e4c5f3abb9807336a5be69","index":{"nums":[0,1,98,0,60,0,0,0],"html_filename":"d_58a4863fcd5ebe9f_common_py.html","relative_filename":"C:\\Program Files\\JetBrains\\PyCharm 2022.2.1\\plugins\\python\\helpers\\pycharm\\teamcity\\common.py"}},"d_58a4863fcd5ebe9f_diff_tools_py":{"hash":"e314a4d5f61bc0be89edf2b14443c11f","index":{"nums":[0,1,62,0,36,0,0,0],"html_filename":"d_58a4863fcd5ebe9f_diff_tools_py.html","relative_filename":"C:\\Program Files\\JetBrains\\PyCharm 2022.2.1\\plugins\\python\\helpers\\pycharm\\teamcity\\diff_tools.py"}},"d_58a4863fcd5ebe9f_messages_py":{"hash":"38a7ad4338fe1b0728e4a8f0b8202bb0","index":{"nums":[0,1,153,0,60,0,0,0],"html_filename":"d_58a4863fcd5ebe9f_messages_py.html","relative_filename":"C:\\Program Files\\JetBrains\\PyCharm 2022.2.1\\plugins\\python\\helpers\\pycharm\\teamcity\\messages.py"}},"d_58a4863fcd5ebe9f_pytest_plugin_py":{"hash":"ad1bba4e3dbfc9fc88cd498d9ffed673","index":{"nums":[0,1,294,0,147,0,0,0],"html_filename":"d_58a4863fcd5ebe9f_pytest_plugin_py.html","relative_filename":"C:\\Program Files\\JetBrains\\PyCharm 2022.2.1\\plugins\\python\\helpers\\pycharm\\teamcity\\pytest_plugin.py"}},"d_259b4f114381445e___init___py":{"hash":"35c685c580285d3c35abfb8e4de69ce4","index":{"nums":[0,1,68,0,24,0,0,0],"html_filename":"d_259b4f114381445e___init___py.html","relative_filename":"C:\\Users\\perre\\Documents\\GitHub\\requests\\requests\\__init__.py"}},"d_259b4f114381445e___version___py":{"hash":"43360d9b22fcaa2fd4944d9e761dce37","index":{"nums":[0,1,10,0,0,0,0,0],"html_filename":"d_259b4f114381445e___version___py.html","relative_filename":"C:\\Users\\perre\\Documents\\GitHub\\requests\\requests\\__version__.py"}},"d_259b4f114381445e__internal_utils_py":{"hash":"7314569989c730c273c8ecebddd217c5","index":{"nums":[0,1,19,0,0,0,0,0],"html_filename":"d_259b4f114381445e__internal_utils_py.html","relative_filename":"C:\\Users\\perre\\Documents\\GitHub\\requests\\requests\\_internal_utils.py"}},"d_259b4f114381445e_adapters_py":{"hash":"3f199f6a0669f8bdedb3c901f5a6d001","index":{"nums":[0,1,216,0,15,0,0,0],"html_filename":"d_259b4f114381445e_adapters_py.html","relative_filename":"C:\\Users\\perre\\Documents\\GitHub\\requests\\requests\\adapters.py"}},"d_259b4f114381445e_api_py":{"hash":"7747c1475809212f76246eb42d352dc0","index":{"nums":[0,1,19,0,3,0,0,0],"html_filename":"d_259b4f114381445e_api_py.html","relative_filename":"C:\\Users\\perre\\Documents\\GitHub\\requests\\requests\\api.py"}},"d_259b4f114381445e_auth_py":{"hash":"12bacf40d0abdedb16d4a9fc0d2cda0f","index":{"nums":[0,1,173,0,21,0,0,0],"html_filename":"d_259b4f114381445e_auth_py.html","relative_filename":"C:\\Users\\perre\\Documents\\GitHub\\requests\\requests\\auth.py"}},"d_259b4f114381445e_certs_py":{"hash":"6fee9c56521c55ba02385a972a8458ee","index":{"nums":[0,1,4,0,1,0,0,0],"html_filename":"d_259b4f114381445e_certs_py.html","relative_filename":"C:\\Users\\perre\\Documents\\GitHub\\requests\\requests\\certs.py"}},"d_259b4f114381445e_compat_py":{"hash":"e40cd978e3b3c5ea6ff3d2a0ee34fe59","index":{"nums":[0,1,30,0,2,0,0,0],"html_filename":"d_259b4f114381445e_compat_py.html","relative_filename":"C:\\Users\\perre\\Documents\\GitHub\\requests\\requests\\compat.py"}},"d_259b4f114381445e_cookies_py":{"hash":"2903cfc7d8d61694f8a67f586e26de74","index":{"nums":[0,1,239,0,53,0,0,0],"html_filename":"d_259b4f114381445e_cookies_py.html","relative_filename":"C:\\Users\\perre\\Documents\\GitHub\\requests\\requests\\cookies.py"}},"d_259b4f114381445e_exceptions_py":{"hash":"5d5b4b1049cb3941a574273a142e3393","index":{"nums":[0,1,37,0,0,0,0,0],"html_filename":"d_259b4f114381445e_exceptions_py.html","relative_filename":"C:\\Users\\perre\\Documents\\GitHub\\requests\\requests\\exceptions.py"}},"d_259b4f114381445e_help_py":{"hash":"e97e982b38f66bcd72c48061bb7f8e5d","index":{"nums":[0,1,62,0,19,0,0,0],"html_filename":"d_259b4f114381445e_help_py.html","relative_filename":"C:\\Users\\perre\\Documents\\GitHub\\requests\\requests\\help.py"}},"d_259b4f114381445e_hooks_py":{"hash":"5f090306c5df0128dedd78a947097cb5","index":{"nums":[0,1,14,0,0,0,0,0],"html_filename":"d_259b4f114381445e_hooks_py.html","relative_filename":"C:\\Users\\perre\\Documents\\GitHub\\requests\\requests\\hooks.py"}},"d_259b4f114381445e_models_py":{"hash":"099689491fda80dddd393fe8a2843788","index":{"nums":[0,1,455,0,33,0,0,0],"html_filename":"d_259b4f114381445e_models_py.html","relative_filename":"C:\\Users\\perre\\Documents\\GitHub\\requests\\requests\\models.py"}},"d_259b4f114381445e_packages_py":{"hash":"62cf00bba122f8085369bd67a492fb97","index":{"nums":[0,1,17,0,0,0,0,0],"html_filename":"d_259b4f114381445e_packages_py.html","relative_filename":"C:\\Users\\perre\\Documents\\GitHub\\requests\\requests\\packages.py"}},"d_259b4f114381445e_sessions_py":{"hash":"71d212c74c204a3d0ddff8f346074a32","index":{"nums":[0,1,268,0,12,0,0,0],"html_filename":"d_259b4f114381445e_sessions_py.html","relative_filename":"C:\\Users\\perre\\Documents\\GitHub\\requests\\requests\\sessions.py"}},"d_259b4f114381445e_status_codes_py":{"hash":"7a7e77092a9b79907db87320a849e059","index":{"nums":[0,1,14,0,0,0,0,0],"html_filename":"d_259b4f114381445e_status_codes_py.html","relative_filename":"C:\\Users\\perre\\Documents\\GitHub\\requests\\requests\\status_codes.py"}},"d_259b4f114381445e_structures_py":{"hash":"9c61dbc8b65eb746197e553b74c2f1d1","index":{"nums":[0,1,39,0,0,0,0,0],"html_filename":"d_259b4f114381445e_structures_py.html","relative_filename":"C:\\Users\\perre\\Documents\\GitHub\\requests\\requests\\structures.py"}},"d_259b4f114381445e_utils_py":{"hash":"2bb0f351d03de9c5b4d2f725d9f6c5d2","index":{"nums":[0,1,482,0,61,0,0,0],"html_filename":"d_259b4f114381445e_utils_py.html","relative_filename":"C:\\Users\\perre\\Documents\\GitHub\\requests\\requests\\utils.py"}},"d_64e597f6852f1cf1___init___py":{"hash":"08fd58b8d4af71d330ce9caac527755c","index":{"nums":[0,1,3,0,0,0,0,0],"html_filename":"d_64e597f6852f1cf1___init___py.html","relative_filename":"C:\\Users\\perre\\Documents\\GitHub\\requests\\tests\\__init__.py"}},"d_64e597f6852f1cf1_compat_py":{"hash":"ea51adaeca97bce17d8c64cab8bfa916","index":{"nums":[0,1,12,0,2,0,0,0],"html_filename":"d_64e597f6852f1cf1_compat_py.html","relative_filename":"C:\\Users\\perre\\Documents\\GitHub\\requests\\tests\\compat.py"}},"d_64e597f6852f1cf1_conftest_py":{"hash":"845db129d364a24e24366427cdc88931","index":{"nums":[0,1,37,0,3,0,0,0],"html_filename":"d_64e597f6852f1cf1_conftest_py.html","relative_filename":"C:\\Users\\perre\\Documents\\GitHub\\requests\\tests\\conftest.py"}},"d_64e597f6852f1cf1_test_help_py":{"hash":"7df7004146318b70afee87e1e167949d","index":{"nums":[0,1,12,0,0,0,0,0],"html_filename":"d_64e597f6852f1cf1_test_help_py.html","relative_filename":"C:\\Users\\perre\\Documents\\GitHub\\requests\\tests\\test_help.py"}},"d_64e597f6852f1cf1_test_hooks_py":{"hash":"8c54e833f55d32dc8b1dff9eca5430fc","index":{"nums":[0,1,9,0,0,0,0,0],"html_filename":"d_64e597f6852f1cf1_test_hooks_py.html","relative_filename":"C:\\Users\\perre\\Documents\\GitHub\\requests\\tests\\test_hooks.py"}},"d_64e597f6852f1cf1_test_lowlevel_py":{"hash":"7c8f54bc9d1ed3f3c8e821e9c7ff248a","index":{"nums":[0,1,227,0,0,0,0,0],"html_filename":"d_64e597f6852f1cf1_test_lowlevel_py.html","relative_filename":"C:\\Users\\perre\\Documents\\GitHub\\requests\\tests\\test_lowlevel.py"}},"d_64e597f6852f1cf1_test_packages_py":{"hash":"8701b66a4d5c31b7cc9542951b1a3c8c","index":{"nums":[0,1,7,0,0,0,0,0],"html_filename":"d_64e597f6852f1cf1_test_packages_py.html","relative_filename":"C:\\Users\\perre\\Documents\\GitHub\\requests\\tests\\test_packages.py"}},"d_64e597f6852f1cf1_test_requests_py":{"hash":"2d9f1f3706e99ae8b61c200c8683c4a7","index":{"nums":[0,1,1649,0,24,0,0,0],"html_filename":"d_64e597f6852f1cf1_test_requests_py.html","relative_filename":"C:\\Users\\perre\\Documents\\GitHub\\requests\\tests\\test_requests.py"}},"d_64e597f6852f1cf1_test_structures_py":{"hash":"41d22630c2661be0961ace6844e0fd8b","index":{"nums":[0,1,42,0,0,0,0,0],"html_filename":"d_64e597f6852f1cf1_test_structures_py.html","relative_filename":"C:\\Users\\perre\\Documents\\GitHub\\requests\\tests\\test_structures.py"}},"d_64e597f6852f1cf1_test_testserver_py":{"hash":"f0a942878ca497c1adc6ebd5f80ada2f","index":{"nums":[0,1,107,0,14,0,0,0],"html_filename":"d_64e597f6852f1cf1_test_testserver_py.html","relative_filename":"C:\\Users\\perre\\Documents\\GitHub\\requests\\tests\\test_testserver.py"}},"d_64e597f6852f1cf1_test_utils_py":{"hash":"14d945c7e1e9e6db09fab610182f89b8","index":{"nums":[0,1,308,0,5,0,0,0],"html_filename":"d_64e597f6852f1cf1_test_utils_py.html","relative_filename":"C:\\Users\\perre\\Documents\\GitHub\\requests\\tests\\test_utils.py"}},"d_69381bd60c383518___init___py":{"hash":"3c77fc9ef7f887ac2508d4109cf92472","index":{"nums":[0,1,0,0,0,0,0,0],"html_filename":"d_69381bd60c383518___init___py.html","relative_filename":"C:\\Users\\perre\\Documents\\GitHub\\requests\\tests\\testserver\\__init__.py"}},"d_69381bd60c383518_server_py":{"hash":"84065574220e878f56886ed0305b6fea","index":{"nums":[0,1,86,0,4,0,0,0],"html_filename":"d_69381bd60c383518_server_py.html","relative_filename":"C:\\Users\\perre\\Documents\\GitHub\\requests\\tests\\testserver\\server.py"}},"d_64e597f6852f1cf1_utils_py":{"hash":"976a0b500c5c0cdc591260dca3e1062e","index":{"nums":[0,1,13,0,1,0,0,0],"html_filename":"d_64e597f6852f1cf1_utils_py.html","relative_filename":"C:\\Users\\perre\\Documents\\GitHub\\requests\\tests\\utils.py"}}}}