{"format":2,"version":"6.4.4","globals":"0c1d26c6de74017692515eff728fdd56","files":{"d_d5e0dc932343dc0d__jb_pytest_runner_py":{"hash":"f557d39fa90129902c7ac7484707e63c","index":{"nums":[0,1,33,0,3,19,7,7],"html_filename":"d_d5e0dc932343dc0d__jb_pytest_runner_py.html","relative_filename":"C:\\Program Files\\JetBrains\\PyCharm 2022.2.1\\plugins\\python\\helpers\\pycharm\\_jb_pytest_runner.py"}},"d_d5e0dc932343dc0d__jb_runner_tools_py":{"hash":"e14386b345aff4d308e58aa6ce9325eb","index":{"nums":[0,1,173,0,50,54,10,18],"html_filename":"d_d5e0dc932343dc0d__jb_runner_tools_py.html","relative_filename":"C:\\Program Files\\JetBrains\\PyCharm 2022.2.1\\plugins\\python\\helpers\\pycharm\\_jb_runner_tools.py"}},"d_d5e0dc932343dc0d__jb_serial_tree_manager_py":{"hash":"201a4f546164c394746a7f7c07925ced","index":{"nums":[0,1,56,0,7,26,7,9],"html_filename":"d_d5e0dc932343dc0d__jb_serial_tree_manager_py.html","relative_filename":"C:\\Program Files\\JetBrains\\PyCharm 2022.2.1\\plugins\\python\\helpers\\pycharm\\_jb_serial_tree_manager.py"}},"d_d5e0dc932343dc0d__jb_utils_py":{"hash":"de373a9bd20803e6e7783c4cacb2bb57","index":{"nums":[0,1,71,0,34,28,0,16],"html_filename":"d_d5e0dc932343dc0d__jb_utils_py.html","relative_filename":"C:\\Program Files\\JetBrains\\PyCharm 2022.2.1\\plugins\\python\\helpers\\pycharm\\_jb_utils.py"}},"d_58a4863fcd5ebe9f___init___py":{"hash":"edc49f2db6443b25dd3fe6f72db1ab7b","index":{"nums":[0,1,6,0,0,0,0,0],"html_filename":"d_58a4863fcd5ebe9f___init___py.html","relative_filename":"C:\\Program Files\\JetBrains\\PyCharm 2022.2.1\\plugins\\python\\helpers\\pycharm\\teamcity\\__init__.py"}},"d_58a4863fcd5ebe9f_common_py":{"hash":"1bc559e4fb3d6fa21a9d88134c463872","index":{"nums":[0,1,98,0,60,45,3,34],"html_filename":"d_58a4863fcd5ebe9f_common_py.html","relative_filename":"C:\\Program Files\\JetBrains\\PyCharm 2022.2.1\\plugins\\python\\helpers\\pycharm\\teamcity\\common.py"}},"d_58a4863fcd5ebe9f_diff_tools_py":{"hash":"8bb9add12125a7a1618417cf33ed948b","index":{"nums":[0,1,62,0,36,19,2,15],"html_filename":"d_58a4863fcd5ebe9f_diff_tools_py.html","relative_filename":"C:\\Program Files\\JetBrains\\PyCharm 2022.2.1\\plugins\\python\\helpers\\pycharm\\teamcity\\diff_tools.py"}},"d_58a4863fcd5ebe9f_messages_py":{"hash":"8630b4fa88b5a38b51ed43b77da6d55d","index":{"nums":[0,1,153,0,60,32,8,16],"html_filename":"d_58a4863fcd5ebe9f_messages_py.html","relative_filename":"C:\\Program Files\\JetBrains\\PyCharm 2022.2.1\\plugins\\python\\helpers\\pycharm\\teamcity\\messages.py"}},"d_58a4863fcd5ebe9f_pytest_plugin_py":{"hash":"72719e394da02ab3175f32b40ae2950f","index":{"nums":[0,1,294,0,147,132,24,84],"html_filename":"d_58a4863fcd5ebe9f_pytest_plugin_py.html","relative_filename":"C:\\Program Files\\JetBrains\\PyCharm 2022.2.1\\plugins\\python\\helpers\\pycharm\\teamcity\\pytest_plugin.py"}},"d_259b4f114381445e___init___py":{"hash":"ef89c24951e9a3beab9f0c9b1110f3ec","index":{"nums":[0,1,68,0,24,10,4,6],"html_filename":"d_259b4f114381445e___init___py.html","relative_filename":"C:\\Users\\perre\\Documents\\GitHub\\requests\\requests\\__init__.py"}},"d_259b4f114381445e___version___py":{"hash":"513ca198a3e7e1f7caf441879833bd68","index":{"nums":[0,1,10,0,0,0,0,0],"html_filename":"d_259b4f114381445e___version___py.html","relative_filename":"C:\\Users\\perre\\Documents\\GitHub\\requests\\requests\\__version__.py"}},"d_259b4f114381445e__internal_utils_py":{"hash":"1876a0a15e6dd0da4a6e4d3128951e1c","index":{"nums":[0,1,19,0,0,2,0,0],"html_filename":"d_259b4f114381445e__internal_utils_py.html","relative_filename":"C:\\Users\\perre\\Documents\\GitHub\\requests\\requests\\_internal_utils.py"}},"d_259b4f114381445e_adapters_py":{"hash":"fc257ab6926d83df04ab080a0543c51b","index":{"nums":[0,1,216,0,15,82,8,8],"html_filename":"d_259b4f114381445e_adapters_py.html","relative_filename":"C:\\Users\\perre\\Documents\\GitHub\\requests\\requests\\adapters.py"}},"d_259b4f114381445e_api_py":{"hash":"c672641ce0e7ce786623dc03bfbf5492","index":{"nums":[0,1,19,0,3,0,0,0],"html_filename":"d_259b4f114381445e_api_py.html","relative_filename":"C:\\Users\\perre\\Documents\\GitHub\\requests\\requests\\api.py"}},"d_259b4f114381445e_auth_py":{"hash":"8d00e1328d5bcd00a1b2870589ba208b","index":{"nums":[0,1,173,0,21,68,15,17],"html_filename":"d_259b4f114381445e_auth_py.html","relative_filename":"C:\\Users\\perre\\Documents\\GitHub\\requests\\requests\\auth.py"}},"d_259b4f114381445e_certs_py":{"hash":"3b334908e288aaea3dea5e763a87c48a","index":{"nums":[0,1,4,0,1,2,1,1],"html_filename":"d_259b4f114381445e_certs_py.html","relative_filename":"C:\\Users\\perre\\Documents\\GitHub\\requests\\requests\\certs.py"}},"d_259b4f114381445e_compat_py":{"hash":"e6075a612eec9110a072ac63b55cc2d5","index":{"nums":[0,1,30,0,2,2,1,1],"html_filename":"d_259b4f114381445e_compat_py.html","relative_filename":"C:\\Users\\perre\\Documents\\GitHub\\requests\\requests\\compat.py"}},"d_259b4f114381445e_cookies_py":{"hash":"ab1c5e2bccdf85e6ed0bae82eeff22df","index":{"nums":[0,1,239,0,53,106,9,43],"html_filename":"d_259b4f114381445e_cookies_py.html","relative_filename":"C:\\Users\\perre\\Documents\\GitHub\\requests\\requests\\cookies.py"}},"d_259b4f114381445e_exceptions_py":{"hash":"d3ea5902fd57d17f294ac7fccb83e1e3","index":{"nums":[0,1,37,0,0,52,0,0],"html_filename":"d_259b4f114381445e_exceptions_py.html","relative_filename":"C:\\Users\\perre\\Documents\\GitHub\\requests\\requests\\exceptions.py"}},"d_259b4f114381445e_help_py":{"hash":"1d2de66707e86bdd032f71ab9db4e45b","index":{"nums":[0,1,62,0,19,18,5,13],"html_filename":"d_259b4f114381445e_help_py.html","relative_filename":"C:\\Users\\perre\\Documents\\GitHub\\requests\\requests\\help.py"}},"d_259b4f114381445e_hooks_py":{"hash":"bb40111e05fc59c11851777e3c199912","index":{"nums":[0,1,14,0,0,10,0,0],"html_filename":"d_259b4f114381445e_hooks_py.html","relative_filename":"C:\\Users\\perre\\Documents\\GitHub\\requests\\requests\\hooks.py"}},"d_259b4f114381445e_models_py":{"hash":"74aefe1bc1b43dda36f92997e701c0db","index":{"nums":[0,1,455,0,33,198,18,18],"html_filename":"d_259b4f114381445e_models_py.html","relative_filename":"C:\\Users\\perre\\Documents\\GitHub\\requests\\requests\\models.py"}},"d_259b4f114381445e_packages_py":{"hash":"90af446bfe02fce746507448aa3999a6","index":{"nums":[0,1,17,0,0,10,0,0],"html_filename":"d_259b4f114381445e_packages_py.html","relative_filename":"C:\\Users\\perre\\Documents\\GitHub\\requests\\requests\\packages.py"}},"d_259b4f114381445e_sessions_py":{"hash":"95026cce06d46053bef27315ea63a41e","index":{"nums":[0,1,268,0,12,104,5,5],"html_filename":"d_259b4f114381445e_sessions_py.html","relative_filename":"C:\\Users\\perre\\Documents\\GitHub\\requests\\requests\\sessions.py"}},"d_259b4f114381445e_status_codes_py":{"hash":"0d680cd85cb043d3f2e65b2712283970","index":{"nums":[0,1,14,0,0,10,0,0],"html_filename":"d_259b4f114381445e_status_codes_py.html","relative_filename":"C:\\Users\\perre\\Documents\\GitHub\\requests\\requests\\status_codes.py"}},"d_259b4f114381445e_structures_py":{"hash":"92f3a51ac4a6b6cc6d8998d9f90578f8","index":{"nums":[0,1,39,0,0,12,0,0],"html_filename":"d_259b4f114381445e_structures_py.html","relative_filename":"C:\\Users\\perre\\Documents\\GitHub\\requests\\requests\\structures.py"}},"d_259b4f114381445e_utils_py":{"hash":"7c3bd39f10de0692e97d29f029308859","index":{"nums":[0,1,482,0,68,214,12,32],"html_filename":"d_259b4f114381445e_utils_py.html","relative_filename":"C:\\Users\\perre\\Documents\\GitHub\\requests\\requests\\utils.py"}},"d_64e597f6852f1cf1___init___py":{"hash":"0cd2d53d6d34d5ad608e4ad4dfdf650b","index":{"nums":[0,1,3,0,0,0,0,0],"html_filename":"d_64e597f6852f1cf1___init___py.html","relative_filename":"C:\\Users\\perre\\Documents\\GitHub\\requests\\tests\\__init__.py"}},"d_64e597f6852f1cf1_compat_py":{"hash":"bebe25d173d9c6f3c4c508aba94d58b8","index":{"nums":[0,1,12,0,2,0,0,0],"html_filename":"d_64e597f6852f1cf1_compat_py.html","relative_filename":"C:\\Users\\perre\\Documents\\GitHub\\requests\\tests\\compat.py"}},"d_64e597f6852f1cf1_conftest_py":{"hash":"28d1b83e2140d75443aef390eade7cb1","index":{"nums":[0,1,37,0,3,0,0,0],"html_filename":"d_64e597f6852f1cf1_conftest_py.html","relative_filename":"C:\\Users\\perre\\Documents\\GitHub\\requests\\tests\\conftest.py"}},"d_64e597f6852f1cf1_test_help_py":{"hash":"49606ccfdebd9fc67aebbfbf92c22b98","index":{"nums":[0,1,12,0,0,2,0,0],"html_filename":"d_64e597f6852f1cf1_test_help_py.html","relative_filename":"C:\\Users\\perre\\Documents\\GitHub\\requests\\tests\\test_help.py"}},"d_64e597f6852f1cf1_test_hooks_py":{"hash":"b0ecc6703b1c3f1ab9e19de20f57f7aa","index":{"nums":[0,1,9,0,0,2,0,0],"html_filename":"d_64e597f6852f1cf1_test_hooks_py.html","relative_filename":"C:\\Users\\perre\\Documents\\GitHub\\requests\\tests\\test_hooks.py"}},"d_64e597f6852f1cf1_test_lowlevel_py":{"hash":"38e6550bc0172ddfa7d57d57d3668e06","index":{"nums":[0,1,227,0,0,8,0,0],"html_filename":"d_64e597f6852f1cf1_test_lowlevel_py.html","relative_filename":"C:\\Users\\perre\\Documents\\GitHub\\requests\\tests\\test_lowlevel.py"}},"d_64e597f6852f1cf1_test_packages_py":{"hash":"cb4161cb9326146e139a99087a5db87c","index":{"nums":[0,1,7,0,0,0,0,0],"html_filename":"d_64e597f6852f1cf1_test_packages_py.html","relative_filename":"C:\\Users\\perre\\Documents\\GitHub\\requests\\tests\\test_packages.py"}},"d_64e597f6852f1cf1_test_requests_py":{"hash":"067e1998b33367c56eb8414b147b7970","index":{"nums":[0,1,1649,0,24,108,6,10],"html_filename":"d_64e597f6852f1cf1_test_requests_py.html","relative_filename":"C:\\Users\\perre\\Documents\\GitHub\\requests\\tests\\test_requests.py"}},"d_64e597f6852f1cf1_test_structures_py":{"hash":"13da571bcc4d1a5a4a035525d6748940","index":{"nums":[0,1,42,0,0,4,0,0],"html_filename":"d_64e597f6852f1cf1_test_structures_py.html","relative_filename":"C:\\Users\\perre\\Documents\\GitHub\\requests\\tests\\test_structures.py"}},"d_64e597f6852f1cf1_test_testserver_py":{"hash":"ce1af5024f041e193aa21407c202ace4","index":{"nums":[0,1,107,0,14,4,0,0],"html_filename":"d_64e597f6852f1cf1_test_testserver_py.html","relative_filename":"C:\\Users\\perre\\Documents\\GitHub\\requests\\tests\\test_testserver.py"}},"d_64e597f6852f1cf1_test_utils_py":{"hash":"9aa1964e17f08795aeb2e12663d87b35","index":{"nums":[0,1,308,0,5,50,4,6],"html_filename":"d_64e597f6852f1cf1_test_utils_py.html","relative_filename":"C:\\Users\\perre\\Documents\\GitHub\\requests\\tests\\test_utils.py"}},"d_69381bd60c383518___init___py":{"hash":"175e3bf678676fc912361fb3b5bc0240","index":{"nums":[0,1,0,0,0,0,0,0],"html_filename":"d_69381bd60c383518___init___py.html","relative_filename":"C:\\Users\\perre\\Documents\\GitHub\\requests\\tests\\testserver\\__init__.py"}},"d_69381bd60c383518_server_py":{"hash":"c2ce469d2dd200c975bc00e3e1a04bfd","index":{"nums":[0,1,86,0,4,20,2,2],"html_filename":"d_69381bd60c383518_server_py.html","relative_filename":"C:\\Users\\perre\\Documents\\GitHub\\requests\\tests\\testserver\\server.py"}},"d_64e597f6852f1cf1_utils_py":{"hash":"76693e17e1bb1a5a0153c5a864086219","index":{"nums":[0,1,13,0,1,4,1,1],"html_filename":"d_64e597f6852f1cf1_utils_py.html","relative_filename":"C:\\Users\\perre\\Documents\\GitHub\\requests\\tests\\utils.py"}}}}