{"format":2,"version":"6.4.4","globals":"4e7519bf0d1830ce241db15541c400b9","files":{"d_fab8266aab673e2e___init___py":{"hash":"3cf35a0979fc873d58234e2dc31d2912","index":{"nums":[0,1,68,0,68,10,0,10],"html_filename":"d_fab8266aab673e2e___init___py.html","relative_filename":"requests\\__init__.py"}},"d_fab8266aab673e2e___version___py":{"hash":"8ffc2fe4fdda78b1fc6998180956ed53","index":{"nums":[0,1,10,0,10,0,0,0],"html_filename":"d_fab8266aab673e2e___version___py.html","relative_filename":"requests\\__version__.py"}},"d_fab8266aab673e2e__internal_utils_py":{"hash":"343de8ed8a563be315e7e9f0ce7ceee9","index":{"nums":[0,1,19,0,9,2,0,0],"html_filename":"d_fab8266aab673e2e__internal_utils_py.html","relative_filename":"requests\\_internal_utils.py"}},"d_fab8266aab673e2e_adapters_py":{"hash":"09974265cfb22b092408f6fa991cdd77","index":{"nums":[0,1,216,0,61,82,8,12],"html_filename":"d_fab8266aab673e2e_adapters_py.html","relative_filename":"requests\\adapters.py"}},"d_fab8266aab673e2e_api_py":{"hash":"49351925cae8f9d68d6ef1182c517ef0","index":{"nums":[0,1,19,0,12,0,0,0],"html_filename":"d_fab8266aab673e2e_api_py.html","relative_filename":"requests\\api.py"}},"d_fab8266aab673e2e_auth_py":{"hash":"67aa669a079cb102fd08dcf7d2b0ff4c","index":{"nums":[0,1,173,0,53,68,15,25],"html_filename":"d_fab8266aab673e2e_auth_py.html","relative_filename":"requests\\auth.py"}},"d_fab8266aab673e2e_certs_py":{"hash":"54a5cb9fd0a70f7822a7879cfe43c3f5","index":{"nums":[0,1,4,0,4,2,0,2],"html_filename":"d_fab8266aab673e2e_certs_py.html","relative_filename":"requests\\certs.py"}},"d_fab8266aab673e2e_compat_py":{"hash":"6f681595318cccc0a2855eff0cd6bd37","index":{"nums":[0,1,30,0,30,2,0,2],"html_filename":"d_fab8266aab673e2e_compat_py.html","relative_filename":"requests\\compat.py"}},"d_fab8266aab673e2e_cookies_py":{"hash":"f4c77f1212b2acc384c12224e89d63e6","index":{"nums":[0,1,239,0,116,106,9,51],"html_filename":"d_fab8266aab673e2e_cookies_py.html","relative_filename":"requests\\cookies.py"}},"d_fab8266aab673e2e_exceptions_py":{"hash":"813264ebfe4d901827648f313491c725","index":{"nums":[0,1,37,0,29,52,0,50],"html_filename":"d_fab8266aab673e2e_exceptions_py.html","relative_filename":"requests\\exceptions.py"}},"d_fab8266aab673e2e_help_py":{"hash":"1d2de66707e86bdd032f71ab9db4e45b","index":{"nums":[0,1,62,0,19,18,5,13],"html_filename":"d_fab8266aab673e2e_help_py.html","relative_filename":"requests\\help.py"}},"d_fab8266aab673e2e_hooks_py":{"hash":"15c80a81d0beb4a7b59a81749400d3c3","index":{"nums":[0,1,14,0,3,10,0,0],"html_filename":"d_fab8266aab673e2e_hooks_py.html","relative_filename":"requests\\hooks.py"}},"d_fab8266aab673e2e_models_py":{"hash":"f11b1b798fb89f81f55bd32904d216f2","index":{"nums":[0,1,455,0,120,198,17,27],"html_filename":"d_fab8266aab673e2e_models_py.html","relative_filename":"requests\\models.py"}},"d_fab8266aab673e2e_packages_py":{"hash":"2852f25a448091c161325175581add1f","index":{"nums":[0,1,17,0,17,10,0,10],"html_filename":"d_fab8266aab673e2e_packages_py.html","relative_filename":"requests\\packages.py"}},"d_fab8266aab673e2e_sessions_py":{"hash":"f249aad983df8a02eabaa3e788a71e40","index":{"nums":[0,1,268,0,61,104,4,10],"html_filename":"d_fab8266aab673e2e_sessions_py.html","relative_filename":"requests\\sessions.py"}},"d_fab8266aab673e2e_status_codes_py":{"hash":"648bb8d3a7f529450c1c7944502bcd02","index":{"nums":[0,1,14,0,14,10,0,10],"html_filename":"d_fab8266aab673e2e_status_codes_py.html","relative_filename":"requests\\status_codes.py"}},"d_fab8266aab673e2e_structures_py":{"hash":"b2c965e12e7edfbfe45e0f017695b360","index":{"nums":[0,1,39,0,18,12,0,4],"html_filename":"d_fab8266aab673e2e_structures_py.html","relative_filename":"requests\\structures.py"}},"d_fab8266aab673e2e_utils_py":{"hash":"228023162740670e0e7e9bafc755b02b","index":{"nums":[0,1,482,0,143,214,11,33],"html_filename":"d_fab8266aab673e2e_utils_py.html","relative_filename":"requests\\utils.py"}}}}